layer_num,nodes,dropout,dropout_nums,act,optimizer,lr,decay,mov,score
6,"[128, 76, 157, 177, 142]",True,"[0.5, 0.5, 0.5, 0.5, 0.5]",relu,sgd,0.01,3e-06,0.1,0.7564400248332469
6,"[168, 172, 183, 129, 189]",True,"[0.5, 0.5, 0.5, 0.5, 0.5]",relu,sgd,0.01,3e-06,0.1,0.7564400248332469
6,"[97, 118, 66, 78, 150]",True,"[0.5, 0.5, 0.5, 0.5, 0.5]",relu,sgd,0.01,3e-06,0.1,0.7564400248332469
6,"[188, 117, 118, 77, 86]",True,"[0.5, 0.5, 0.5, 0.5, 0.5]",relu,sgd,0.05,3e-06,0.1,0.7564400248332469
6,"[73, 168, 140, 179, 167]",True,"[0.5, 0.5, 0.5, 0.5, 0.5]",relu,sgd,0.05,3e-06,0.1,0.2435599785357829
6,"[124, 59, 57, 70, 71]",True,"[0.5, 0.5, 0.5, 0.5, 0.5]",relu,sgd,0.05,3e-06,0.1,0.7564400248332469
