layer_num,nodes,dropout,dropout_nums,act,optimizer,lr,decay,mov,score
4,"[197, 192, 55]",True,"[0.5, 0.5, 0.5]",relu,sgd,0.08,5e-06,0.5,0.7495854078174757
4,"[99, 163, 66]",True,"[0.5, 0.5, 0.5]",relu,sgd,0.08,5e-06,0.5,0.7495854078174757
4,"[85, 116, 120]",True,"[0.5, 0.5, 0.5]",relu,sgd,0.08,5e-06,0.5,0.7495854078174757
4,"[86, 110, 124]",True,"[0.5, 0.5, 0.5]",relu,sgd,0.02,3e-06,0.3,0.7495854078174757
4,"[98, 103, 73]",True,"[0.5, 0.5, 0.5]",relu,sgd,0.02,3e-06,0.3,0.25041459315451814
4,"[116, 127, 89]",True,"[0.5, 0.5, 0.5]",relu,sgd,0.02,3e-06,0.3,0.25041459315451814
3,"[155, 124]",True,"[0.5, 0.5]",relu,sgd,0.01,1e-06,0.7,0.25041459315451814
3,"[143, 146]",True,"[0.5, 0.5]",relu,sgd,0.01,1e-06,0.7,0.7495854078174757
3,"[157, 156]",True,"[0.5, 0.5]",relu,sgd,0.01,1e-06,0.7,0.25041459315451814
